,unified_id,1,2
0,0,C0,
1,1,C1,
2,2,C10,
3,3,C100,
4,4,C101,
5,5,C102,
6,6,C103,
7,7,C104,
8,8,C105,
9,9,C106,
10,10,C107,
11,11,C108,
12,12,C109,
13,13,C11,
14,14,C110,
15,15,C111,
16,16,C112,
17,17,C113,
18,18,C114,
19,19,C115,
20,20,C116,
21,21,C117,
22,22,C118,
23,23,C119,
24,24,C12,
25,25,C120,
26,26,C121,
27,27,C122,
28,28,C123,
29,29,C124,
30,30,C125,
31,31,C126,
32,32,C127,
33,33,C128,
34,34,C129,
35,35,C13,
36,36,C130,
37,37,C131,
38,38,C132,
39,39,C133,
40,40,C134,
41,41,C135,
42,42,C136,
43,43,C137,
44,44,C138,
45,45,C139,
46,46,C14,
47,47,C140,
48,48,C141,
49,49,C142,
50,50,C143,
51,51,C144,
52,52,C145,
53,53,C146,
54,54,C147,
55,55,C148,
56,56,C149,
57,57,C15,
58,58,C150,
59,59,C151,
60,60,C152,
61,61,C153,
62,62,C154,
63,63,C155,
64,64,C156,
65,65,C157,
66,66,C158,
67,67,C159,
68,68,C16,
69,69,C160,
70,70,C161,
71,71,C162,
72,72,C163,
73,73,C164,
74,74,C165,
75,75,C166,
76,76,C167,
77,77,C168,
78,78,C169,
79,79,C17,
80,80,C170,
81,81,C171,
82,82,C172,
83,83,C173,
84,84,C174,
85,85,C175,
86,86,C176,
87,87,C177,
88,88,C178,
89,89,C179,
90,90,C18,
91,91,C180,
92,92,C181,
93,93,C182,
94,94,C183,
95,95,C184,
96,96,C185,
97,97,C186,
98,98,C187,
99,99,C188,
100,100,C189,
101,101,C19,
102,102,C190,
103,103,C191,
104,104,C192,
105,105,C193,
106,106,C194,
107,107,C195,
108,108,C196,
109,109,C197,
110,110,C198,
111,111,C199,
112,112,C2,
113,113,C20,
114,114,C200,
115,115,C201,
116,116,C202,
117,117,C203,
118,118,C204,
119,119,C205,
120,120,C21,
121,121,C22,
122,122,C23,
123,123,C24,
124,124,C25,
125,125,C26,
126,126,C27,
127,127,C28,
128,128,C29,
129,129,C3,
130,130,C30,
131,131,C31,
132,132,C32,
133,133,C33,C306
134,134,C34,
135,135,C35,C44
136,136,C36,
137,137,C37,
138,138,C38,
139,139,C39,
140,140,C4,
141,141,C40,
142,142,C41,
143,143,C42,
144,144,C43,
145,145,C44,
146,146,C45,
147,147,C46,
148,148,C47,
149,149,C48,
150,150,C49,
151,151,C5,
152,152,C50,
153,153,C51,
154,154,C52,
155,155,C53,
156,156,C54,
157,157,C55,
158,158,C56,C95
159,159,C57,
160,160,C58,
161,161,C59,
162,162,C6,
163,163,C60,
164,164,C61,
165,165,C62,
166,166,C63,
167,167,C64,
168,168,C65,
169,169,C66,
170,170,C67,
171,171,C68,C126
172,172,C69,
173,173,C7,
174,174,C70,
175,175,C71,
176,176,C72,
177,177,C73,
178,178,C74,
179,179,C75,
180,180,C76,
181,181,C77,
182,182,C78,
183,183,C79,
184,184,C8,
185,185,C80,
186,186,C81,
187,187,C82,
188,188,C83,
189,189,C84,
190,190,C85,
191,191,C86,
192,192,C87,
193,193,C88,
194,194,C89,
195,195,C9,
196,196,C90,
197,197,C91,
198,198,C92,
199,199,C93,
200,200,C94,
201,201,C95,
202,202,C96,
203,203,C97,
204,204,C98,
205,205,C99,
206,206,,C0
207,207,,C1
208,208,,C10
209,209,,C100
210,210,,C101
211,211,,C102
212,212,,C103
213,213,,C104
214,214,,C105
215,215,,C106
216,216,,C107
217,217,,C108
218,218,,C109
219,219,,C11
220,220,,C110
221,221,,C111
222,222,,C112
223,223,,C113
224,224,,C114
225,225,,C115
226,226,,C116
227,227,,C117
228,228,,C118
229,229,,C119
230,230,,C12
231,231,,C120
232,232,,C121
233,233,,C122
234,234,,C123
235,235,,C124
236,236,,C125
237,237,,C127
238,238,,C128
239,239,,C129
240,240,,C13
241,241,,C130
242,242,,C131
243,243,,C132
244,244,,C133
245,245,,C134
246,246,,C135
247,247,,C136
248,248,,C137
249,249,,C138
250,250,,C139
251,251,,C14
252,252,,C140
253,253,,C141
254,254,,C142
255,255,,C143
256,256,,C144
257,257,,C145
258,258,,C146
259,259,,C147
260,260,,C148
261,261,,C149
262,262,,C15
263,263,,C150
264,264,,C151
265,265,,C152
266,266,,C153
267,267,,C154
268,268,,C155
269,269,,C156
270,270,,C157
271,271,,C158
272,272,,C159
273,273,,C16
274,274,,C160
275,275,,C161
276,276,,C162
277,277,,C163
278,278,,C164
279,279,,C165
280,280,,C166
281,281,,C167
282,282,,C168
283,283,,C169
284,284,,C17
285,285,,C170
286,286,,C171
287,287,,C172
288,288,,C173
289,289,,C174
290,290,,C175
291,291,,C176
292,292,,C177
293,293,,C178
294,294,,C179
295,295,,C18
296,296,,C180
297,297,,C181
298,298,,C182
299,299,,C183
300,300,,C184
301,301,,C185
302,302,,C186
303,303,,C187
304,304,,C188
305,305,,C189
306,306,,C19
307,307,,C190
308,308,,C191
309,309,,C192
310,310,,C193
311,311,,C194
312,312,,C195
313,313,,C196
314,314,,C197
315,315,,C198
316,316,,C199
317,317,,C2
318,318,,C20
319,319,,C200
320,320,,C201
321,321,,C202
322,322,,C203
323,323,,C204
324,324,,C205
325,325,,C206
326,326,,C207
327,327,,C208
328,328,,C209
329,329,,C21
330,330,,C210
331,331,,C211
332,332,,C212
333,333,,C213
334,334,,C214
335,335,,C215
336,336,,C216
337,337,,C217
338,338,,C218
339,339,,C219
340,340,,C22
341,341,,C220
342,342,,C221
343,343,,C222
344,344,,C223
345,345,,C224
346,346,,C225
347,347,,C226
348,348,,C227
349,349,,C228
350,350,,C229
351,351,,C23
352,352,,C230
353,353,,C231
354,354,,C232
355,355,,C233
356,356,,C234
357,357,,C235
358,358,,C236
359,359,,C237
360,360,,C238
361,361,,C239
362,362,,C24
363,363,,C240
364,364,,C241
365,365,,C242
366,366,,C243
367,367,,C244
368,368,,C245
369,369,,C246
370,370,,C247
371,371,,C248
372,372,,C249
373,373,,C25
374,374,,C250
375,375,,C251
376,376,,C252
377,377,,C253
378,378,,C254
379,379,,C255
380,380,,C256
381,381,,C257
382,382,,C258
383,383,,C259
384,384,,C26
385,385,,C260
386,386,,C261
387,387,,C262
388,388,,C263
389,389,,C264
390,390,,C265
391,391,,C266
392,392,,C267
393,393,,C268
394,394,,C269
395,395,,C27
396,396,,C270
397,397,,C271
398,398,,C272
399,399,,C273
400,400,,C274
401,401,,C275
402,402,,C276
403,403,,C277
404,404,,C278
405,405,,C279
406,406,,C28
407,407,,C280
408,408,,C281
409,409,,C282
410,410,,C283
411,411,,C284
412,412,,C285
413,413,,C286
414,414,,C287
415,415,,C288
416,416,,C289
417,417,,C29
418,418,,C290
419,419,,C291
420,420,,C292
421,421,,C293
422,422,,C294
423,423,,C295
424,424,,C296
425,425,,C297
426,426,,C298
427,427,,C299
428,428,,C3
429,429,,C30
430,430,,C300
431,431,,C301
432,432,,C302
433,433,,C303
434,434,,C304
435,435,,C305
436,436,,C307
437,437,,C308
438,438,,C309
439,439,,C31
440,440,,C310
441,441,,C311
442,442,,C312
443,443,,C313
444,444,,C314
445,445,,C315
446,446,,C316
447,447,,C317
448,448,,C318
449,449,,C319
450,450,,C32
451,451,,C320
452,452,,C321
453,453,,C322
454,454,,C323
455,455,,C324
456,456,,C325
457,457,,C326
458,458,,C327
459,459,,C328
460,460,,C329
461,461,,C33
462,462,,C330
463,463,,C331
464,464,,C332
465,465,,C333
466,466,,C334
467,467,,C335
468,468,,C336
469,469,,C337
470,470,,C338
471,471,,C339
472,472,,C34
473,473,,C340
474,474,,C341
475,475,,C342
476,476,,C343
477,477,,C344
478,478,,C345
479,479,,C346
480,480,,C347
481,481,,C348
482,482,,C349
483,483,,C35
484,484,,C350
485,485,,C351
486,486,,C352
487,487,,C353
488,488,,C354
489,489,,C355
490,490,,C356
491,491,,C357
492,492,,C358
493,493,,C359
494,494,,C36
495,495,,C360
496,496,,C361
497,497,,C362
498,498,,C363
499,499,,C364
500,500,,C365
501,501,,C366
502,502,,C367
503,503,,C368
504,504,,C369
505,505,,C37
506,506,,C370
507,507,,C371
508,508,,C372
509,509,,C373
510,510,,C374
511,511,,C375
512,512,,C376
513,513,,C377
514,514,,C378
515,515,,C379
516,516,,C38
517,517,,C380
518,518,,C381
519,519,,C382
520,520,,C383
521,521,,C384
522,522,,C385
523,523,,C386
524,524,,C387
525,525,,C388
526,526,,C389
527,527,,C39
528,528,,C390
529,529,,C391
530,530,,C392
531,531,,C393
532,532,,C394
533,533,,C395
534,534,,C396
535,535,,C397
536,536,,C398
537,537,,C399
538,538,,C4
539,539,,C40
540,540,,C400
541,541,,C401
542,542,,C402
543,543,,C403
544,544,,C404
545,545,,C405
546,546,,C406
547,547,,C407
548,548,,C408
549,549,,C409
550,550,,C41
551,551,,C410
552,552,,C411
553,553,,C412
554,554,,C413
555,555,,C414
556,556,,C415
557,557,,C416
558,558,,C417
559,559,,C418
560,560,,C419
561,561,,C42
562,562,,C420
563,563,,C421
564,564,,C422
565,565,,C423
566,566,,C424
567,567,,C425
568,568,,C426
569,569,,C427
570,570,,C428
571,571,,C429
572,572,,C43
573,573,,C430
574,574,,C431
575,575,,C432
576,576,,C433
577,577,,C434
578,578,,C435
579,579,,C436
580,580,,C437
581,581,,C438
582,582,,C439
583,583,,C440
584,584,,C441
585,585,,C442
586,586,,C443
587,587,,C444
588,588,,C445
589,589,,C446
590,590,,C447
591,591,,C448
592,592,,C449
593,593,,C45
594,594,,C450
595,595,,C451
596,596,,C452
597,597,,C453
598,598,,C454
599,599,,C455
600,600,,C456
601,601,,C457
602,602,,C458
603,603,,C459
604,604,,C46
605,605,,C460
606,606,,C461
607,607,,C462
608,608,,C463
609,609,,C464
610,610,,C465
611,611,,C466
612,612,,C467
613,613,,C468
614,614,,C469
615,615,,C47
616,616,,C470
617,617,,C471
618,618,,C48
619,619,,C49
620,620,,C5
621,621,,C50
622,622,,C51
623,623,,C52
624,624,,C53
625,625,,C54
626,626,,C55
627,627,,C56
628,628,,C57
629,629,,C58
630,630,,C59
631,631,,C6
632,632,,C60
633,633,,C61
634,634,,C62
635,635,,C63
636,636,,C64
637,637,,C65
638,638,,C66
639,639,,C67
640,640,,C68
641,641,,C69
642,642,,C7
643,643,,C70
644,644,,C71
645,645,,C72
646,646,,C73
647,647,,C74
648,648,,C75
649,649,,C76
650,650,,C77
651,651,,C78
652,652,,C79
653,653,,C8
654,654,,C80
655,655,,C81
656,656,,C82
657,657,,C83
658,658,,C84
659,659,,C85
660,660,,C86
661,661,,C87
662,662,,C88
663,663,,C89
664,664,,C9
665,665,,C90
666,666,,C91
667,667,,C92
668,668,,C93
669,669,,C94
670,670,,C96
671,671,,C97
672,672,,C98
673,673,,C99
